{
    "loss": 0.6301251649856567,
    "accuracy": 0.7724999785423279
}