{
    "loss": 1.1121971607208252,
    "accuracy": 0.6700000166893005
}