{
    "loss": 1.0435811281204224,
    "accuracy": 0.5575000047683716
}